label,left_knee,left_hip,right_hip,right_knee
haut,178.781367300715,169.81849455972966,169.54222419830737,177.9860148145184
haut,179.0963318650901,170.18832406908265,166.04134106404481,173.62552280101997
haut,178.4485772358038,168.56461624564412,165.61478912658885,171.49422967932597
milieu,179.55920469393598,172.09875702603796,158.43437818906935,165.6243269090517
milieu,179.49925698695864,173.57233648275445,156.1292439271328,165.53062729284744
milieu,179.05826161198965,175.69497355399494,152.62037105886463,163.4716003961653
milieu,179.33160533108799,174.09741275828753,147.97491728315887,158.75383012985736
milieu,173.00882544862756,169.4539019033346,142.78904077314667,151.29223897258976
milieu,171.35492824852483,167.99051934263392,134.94148074973228,141.98041790215282
milieu,158.28978570880616,156.21765069738552,125.6712559931724,129.6121990783458
bas,150.70159840930273,147.43971927117985,116.22795412607073,120.00024769331402
bas,142.8336194966276,139.32769962505088,102.25730979338782,107.12085620488902
bas,143.8594905048396,138.95852857581738,102.94252977575243,105.47136027427835
bas,142.00824519896912,136.10269712949616,101.1640605445076,103.49429532469706
bas,142.93317536524603,136.49329573652926,108.37947295801888,110.22200443753759
bas,158.77397764498312,154.05945767878663,109.45342812667903,113.1158628756368
milieu,169.53787495714232,164.83423532311681,121.21367325724967,125.08400170142698
milieu,174.82879397954176,171.3965914351998,132.90794505478544,136.62058114976585
milieu,176.134812583939,172.65528922473098,141.28836172230487,145.7420081821016
milieu,175.8383724792987,171.95501547849773,147.16702395438676,152.1453995555721
milieu,175.95998234820863,171.20535427678874,152.52461155578615,157.62497680828488
milieu,178.05475518904345,171.15077457677287,156.38109947216333,161.88480747673287
haut,179.56741011642075,171.1524702363936,160.6695226584148,166.39652943190444
haut,179.55954597914692,170.5041855960809,166.10527131243376,172.96689594146596
haut,178.05301218082045,171.58605443574288,167.67048849466562,177.62010148613302
haut,178.39529746287621,171.4505769602381,169.12168118942967,178.86623714775826
haut,178.2803694859685,171.16739445239966,168.56302208162154,178.2775520416682
haut,178.57025872926909,171.83719448426584,167.3314121112607,177.5796781779494
haut,179.3044970630819,169.71527582177282,168.2712840293165,177.58208352456438
haut,178.52436435683714,172.24574344805166,166.17778639724594,176.22639598436726
milieu,178.03049675537088,173.0168896573852,163.2819326944935,172.24752045871332
milieu,179.41773102238122,172.78668682784442,158.68945631568263,166.68056711975123
milieu,179.36931764512076,173.9270327129596,155.32465215406708,162.36933360775873
milieu,178.76045127937266,175.60436914311316,149.12947494429872,155.81512164138294
milieu,176.23577999916455,172.3077118431813,142.41040884241676,148.9606812343566
milieu,171.90871357963675,168.16205107380972,132.60318143622322,138.29324025885063
milieu,168.1184952138035,163.58116777956792,119.73093222530068,124.70654268165009
bas,162.19859273182226,157.13565861454737,111.66152282536711,117.23605340049487
bas,148.49628541035545,142.40688329990894,100.42393742102026,106.20920516213376
bas,131.34929008347584,124.51724242153888,93.20651294602459,98.04678878957085
bas,138.09966904408637,132.44826088122,96.75635766403217,102.25265866780089
bas,155.75815879160962,150.36964099739612,99.79750074425938,107.05671798308538
bas,167.30368297101182,163.37384719676925,110.9426780011825,116.8033317488246
milieu,173.3107554619869,168.69448428594632,126.40451303048113,130.9763985864469
milieu,176.8718348239806,172.33129433669265,137.7101041754904,142.13268235934504
milieu,177.43740534228738,172.26825494480997,144.59088586160135,149.3928015234415
milieu,177.6227992683825,171.58966720048784,151.13229699021235,154.1739553007233
milieu,178.7784728280881,170.74015367495622,156.64184698155464,161.5334684747769
haut,179.6024155631187,170.9382663191521,161.16985274061096,167.15237434256758
haut,178.6400734431213,171.0322164879844,166.5097328201663,174.6689984704783
haut,178.9724700547938,170.44535396804875,167.66700105354764,177.08519910665183
haut,179.5998601780323,170.16324529520338,167.04510607229653,174.5414091879078
haut,179.46245273017445,169.8520547362133,166.760345113354,173.1153576706159
haut,179.4468836001824,169.43272804977937,166.75391427455745,173.73883353530917
haut,179.04374302057016,169.71708249488913,166.31151141972924,173.463945869128
haut,179.31511830647267,170.86829684804914,165.15241032131726,173.39074545363613
haut,178.94862760598605,172.70653695783346,163.93469415251997,172.92882103755002
milieu,179.11018930543943,174.05342524231804,160.5086500754603,168.77493812598516
milieu,178.96732885776547,174.87228637159524,156.87110671666937,165.08235536624193
milieu,177.18012550517113,175.9260670836936,152.5087916629838,160.73445442264705
milieu,179.39950901896347,175.3501141464489,146.7522454606244,153.6426654655168
milieu,176.6074538811679,172.44269988825036,137.09596464785724,142.91032222871888
milieu,175.86073416272325,171.86391042783396,128.05952396300646,133.94365696091302
milieu,168.26476890098235,162.8619374165375,116.156893580879,120.82769695384195
bas,160.62069059175255,153.387532864919,106.5448569923034,111.48583756423787
bas,143.9129020040488,136.8958222154497,99.82500045273041,103.86382650618941
bas,143.25958858070163,135.3688162328506,103.59238470776984,106.13008636658384
bas,147.3242069862096,140.2296774205719,102.53612168200821,106.13958914318931
bas,165.11527920944914,159.11949761854973,111.0839472127224,114.4498518773977
milieu,174.19717214484467,169.21331296866694,121.14459486747451,124.94007325855829
milieu,178.62592767294058,174.21783338208132,132.1769880860777,136.3765118406881
milieu,179.0891665508453,176.27308460087045,140.32646577565387,144.11765401362203
milieu,178.52891940461436,173.92881182527006,146.11595769139225,150.21852229563495
milieu,179.56937207132344,173.16670305551622,153.63386377131494,158.22321723049362
milieu,179.62994389309344,171.59060435588768,157.90472739805995,164.45143079883758
haut,178.5013652850951,171.93228102101082,162.78942835710563,170.27244021268731
haut,177.69565404388462,171.3624804155104,167.6727265534485,176.54502935689737
haut,178.7645951017679,170.20166025041092,169.57109384526106,177.7022754164266
haut,177.86356028082776,170.67197680592037,171.38010923409237,179.5720158772179
haut,178.23832788846735,170.95382413205422,169.14189166300287,177.6173391949224
haut,177.14559260739205,171.9586246462516,169.00564914145954,177.90686236438813
haut,178.68729132054793,170.77010489306784,168.23231513298043,176.08523829730123
haut,177.391432398921,171.72610044422223,168.45733054904335,176.79519664077685
haut,176.37533843188447,172.37082335982961,167.49725025989127,175.88394002318782
haut,177.01561214115486,169.37139098852526,162.86301702399427,174.97241800045464
haut,177.00977140912673,172.64522335851052,166.97019007952053,175.9182307650129
haut,178.20479120567614,173.01879629285074,165.3152264854798,172.96971221367428
milieu,177.94248769996207,174.48134900109747,161.3001602584536,167.55384410794778
milieu,178.4330781049848,175.53937370681675,156.0928302976898,162.40258291766074
milieu,178.1465880469353,176.51723151670572,146.89765810224674,152.96553957404004
milieu,178.1690558243401,174.76175720040737,141.51847760441558,146.85266656921715
milieu,177.3134484889325,175.91390050283937,131.14480759025952,137.6418114568054
milieu,170.39102705404727,169.1701443241842,119.96464758632638,124.23492376786122
bas,159.34234576444666,158.36106026135943,109.13639371122402,113.61464212561233
bas,138.74078696628487,134.85737821968937,96.63149570434804,99.2680132591638
bas,126.97277318559075,123.30242110672727,93.75598415868816,96.81541610619776
bas,113.6234966516241,109.64759511139412,85.08825121575677,90.91919011341503
bas,96.07916879589001,94.333928574165,115.39475820005056,126.06548787428846
bas,119.31184454321495,113.46766935749064,93.14666808594923,98.69498943379872
bas,104.60584869573917,100.32572753626067,103.66724884826232,109.41439999200232
bas,113.89755736074792,109.32368927197803,94.69330507506056,99.90241096198147
bas,124.7700911762264,120.52306685635193,91.81926581424885,95.71149068519355
bas,140.73387850124223,137.37831938846068,104.6733768785739,107.05197269258552
milieu,159.987624015852,157.5299583880629,107.04094114119764,111.0668867010243
milieu,173.1565275479324,171.61399504124432,120.17151177228318,125.3734613572987
milieu,175.06998009738513,172.58856344566226,133.1770684822245,138.4117869435902
milieu,177.08052955255488,174.77146268259517,140.29157142638834,145.66623697350832
milieu,176.37269963381956,172.78726793209503,148.35064087502894,153.38905137990398
milieu,178.01870803749182,173.57007722209877,153.71593014089652,159.04321868785317
milieu,177.24946845884665,168.28995827922083,152.64347935572644,162.07860416135412
milieu,140.14202000251703,18.347876770294846,3.212536884138473,154.09963784151955
haut,140.73467052928643,11.967423783060587,0.79726197028057,159.59747196325574
haut,178.91007572758102,167.51527010204435,167.0553260476783,176.2529941526734
haut,178.0474073487728,171.58503919661,169.44856689788085,178.94459235567214
haut,177.61391867739854,171.48199751820522,170.97146365052077,178.69475478375864
haut,177.680469695367,171.85913861976206,169.86421669532294,179.35932663092143
haut,177.12500347665895,172.65434757981697,168.8228062120382,178.497043720795
haut,177.19741352485002,172.45306197855447,170.44628443703655,179.66681930211166
haut,178.0183800574257,171.806237346155,170.19099174549564,179.70130424939356
haut,174.65337667987936,163.9549655992138,166.2972790530557,177.8671111159769
haut,176.94779954674118,173.14391063924293,166.7651333818314,177.3491141595714
haut,178.30089818123116,173.79346235441542,164.81841034591787,175.27317485034308
haut,34.3364883033634,42.57691833596253,96.75551599643241,52.29273548850577
bas,178.7722960389321,3.5351811232771055,4.622974198957901,158.2790380302026
bas,176.04531426627264,177.19947494635505,151.42173358602787,159.1829440897526
bas,176.51992763744315,177.48613776040236,143.73243128697874,151.66233367562265
bas,176.2765871115221,178.475910898547,132.51202304881136,142.32962038187557
bas,179.55827261678778,176.85306150557702,124.50600124912464,133.92835827692224
bas,171.99864655859668,169.47200950170836,114.9937139015824,122.08241896220056
milieu,158.82862875077325,155.08955388847318,102.6183397226126,106.98262910915123
milieu,144.8734534566283,140.4061268920507,97.09467513825962,101.69899411965365
milieu,102.85073040576393,98.0046222012858,83.51004374499566,86.22997294898194
milieu,108.2047042862019,104.51474053836313,74.41973550533032,76.06357993749494
milieu,97.95863840164228,92.1162081137237,75.68890505360763,77.25406946758457
milieu,135.0429302535638,129.3639885840497,94.33952946371912,96.3091634413291
milieu,164.99773620626306,160.45353094826254,99.82224888091298,104.3730146084351
haut,172.41996740317404,171.46368418191295,173.20053670472709,176.54651707664533
haut,173.18566273240538,171.67480126132486,173.1357771122401,177.87788720476533
haut,170.82891864807854,170.55863802915877,173.1769331150091,176.62301510587676
haut,168.60861391369002,169.37197065881696,173.8863576901201,176.60325809151735
haut,170.55543036371728,168.7275394943846,175.065544310409,174.46882228117818
haut,168.91425928031092,168.27783072863417,175.6156018533129,174.27247873111972
haut,168.08499557749496,167.3354656739656,175.77616316463605,171.8253821672176
milieu,163.66448496076023,165.28046387756723,176.77939537752317,171.11467407165745
milieu,163.8381647966195,164.85198241718987,177.72825741270097,170.51641446388905
milieu,158.08682154258722,162.00820446513535,178.7694198830973,169.52838877134536
milieu,161.51438717236812,162.1014073396184,178.85562661500796,170.324662620613
milieu,160.47828535120902,161.0426150754595,179.71059067851598,169.22260579852679
milieu,153.58809718536907,156.68017485423405,178.51831702267475,166.7687855496533
milieu,155.4514795496539,156.26171246961394,176.84391192731215,167.13370765189381
milieu,158.43222148747793,156.57511059775103,176.97833710591868,167.17822093033215
milieu,156.13197157324825,154.8638998638759,176.14396784991123,166.6765048248109
milieu,153.66974503091754,152.95884190557751,175.66418850418063,165.213383772015
milieu,151.99307752950295,150.93780891844395,173.33953387082232,166.0974345935223
milieu,148.40720917051317,146.7905524779051,172.68305818702547,165.42973592309568
milieu,146.7785973026745,145.4322692511027,172.21026694397816,164.03474744231005
milieu,147.70809124308636,145.6692508201683,171.9398980394404,164.98015043540516
milieu,144.23540465520688,142.78625073869415,172.52131603056395,166.86731392343566
milieu,145.12331322085652,143.38113109833213,172.30990190221175,166.77627849459182
milieu,143.5242806422197,141.36731851143935,173.00414457306945,167.9369162908078
milieu,141.4659172765196,141.2354537718965,172.8040180433125,167.18201225440825
milieu,140.0245369053144,140.72384822366496,173.3661364715162,167.52722976694054
milieu,137.90590351867095,137.57843435523984,173.34566841160924,168.75900848135325
milieu,139.79792341227065,140.09137500277873,176.4023340191024,171.0001431884479
bas,138.66871827610618,139.3853013819139,177.44357584009657,173.95319621514673
bas,139.2379627657443,138.51083262228812,174.27342264391555,169.669115961262
bas,138.32862863346625,137.0523830914786,173.98507816683244,169.7843502098784
bas,139.0677765851635,135.51577530580167,173.1681111509361,168.2644375792682
bas,132.64796992296172,129.22852000215886,171.36405187964112,169.4630756116478
bas,128.28366056836214,127.71737616744505,175.54977052345518,169.4909275586264
bas,126.80029606295103,126.08608529618591,175.13840096847872,168.9677819159716
bas,130.92726017478088,130.74162187298177,176.09475420056924,171.94546532608155
bas,128.73622599099852,127.27139277031229,173.77246977071917,170.03503098224985
bas,126.56039005293988,124.21670733784393,171.4362598841586,168.22301955264848
bas,122.84367200522611,118.07980055683949,165.90334798580162,163.79747936872639
bas,120.77180675988843,116.05243815056723,165.80529087358087,163.6245091508874
bas,120.06530402470169,115.95699412669536,163.50113496995638,162.26084793800928
bas,118.54474425213421,114.74840317088676,164.82967217954368,163.82289248881847
bas,114.12137743377755,109.76359987858685,163.99543316747307,163.694985493202
bas,115.94783358113875,111.53859175017224,164.16119947649605,163.55438291735396
bas,115.65231543720643,110.24508566785477,163.5975627273026,164.49964892081124
bas,111.73181215784152,106.46247068205841,162.9319037784741,164.0393099583528
bas,111.7919226569588,105.08371351345792,162.20052120811286,162.76814962448063
bas,111.25847130941281,104.88489410483724,164.06875214778154,164.6967930151549
bas,109.93762380486015,104.7580386867741,167.77087592063722,168.14862594926356
bas,110.98037827713557,103.42087074088928,165.99354574207544,166.73468296127882
bas,110.63252856936477,105.29064465495797,167.84535539158387,168.10023861195936
bas,111.11449426286121,106.03964607731928,169.82353448886525,169.37276302954356
bas,109.9175531017409,104.3681995585315,166.69402591102593,167.73307688034035
bas,111.8078133385663,106.47869395457411,169.32115635705054,168.45726254620453
bas,114.89316684422954,109.75532447693956,168.1844934233231,169.4901404228117
bas,120.75260772078852,115.75414673014099,167.40894126429373,168.15661481468229
bas,124.61082758056781,119.52383979349347,169.49620496650374,169.53230965355587
bas,126.15895634012605,123.14551547049126,171.49822297400684,170.11889059102893
milieu,129.09703373406916,125.92623722809725,170.41181345598392,169.11931162160303
milieu,132.00126497592618,128.8596280312659,170.94575575964672,169.0207113250858
milieu,133.18420521831942,130.91887013884238,168.60084860076734,166.5921196422335
milieu,135.75829861505818,131.8539236575167,169.99738060805623,166.95061060739474
milieu,138.43733023776713,136.04164113082885,168.9317880102196,164.73909866529712
milieu,141.29077908768477,137.10320925670888,170.29430114515733,167.70842712010463
milieu,144.70197578895747,141.67240453395513,171.75506833612087,167.54458387559154
milieu,143.84326573128163,141.88461120342882,172.77180571866162,167.52677190128048
milieu,147.3547352209251,147.11951337479508,175.9580401154137,171.70374755855693
milieu,151.5873992629756,150.21122687992064,176.69541592051112,172.32229066584244
milieu,152.75487229399056,152.31905167660105,176.8522937420689,169.80042479622546
milieu,153.73757052678798,152.6719155290609,175.6607728798243,168.70862709174307
milieu,156.6773854383573,155.04706305146442,177.0089500666032,169.34544231394608
milieu,156.8636183394312,155.85374815611289,176.9105740291144,170.11946123785123
milieu,158.9624602993463,159.36262503513777,179.70759085641495,172.32056843020428
milieu,162.95496411407962,162.35528160035156,179.071747688667,171.9950373528448
milieu,164.28597896316376,163.03294985459354,177.85906829956946,173.46960171157005
milieu,166.35377528571277,165.14170197573014,176.3942234815686,173.95283091354278
haut,167.13841316517704,165.82766459381094,175.71175493721577,174.83608592370848
haut,169.83463213946814,167.68966703841448,175.20584313584277,174.60455382545587
haut,171.96234772329584,169.70261509787312,174.4371983657919,174.2546146101867
haut,172.82331760010993,171.46689451169922,172.90658569827343,175.72956770086978
haut,174.41853741020708,171.63337690542522,172.89317417400716,175.77300241071939
haut,175.00385046233856,172.98344232820236,172.5112341887901,176.06951203782765
haut,176.5817290927354,172.89983184480755,172.0680981608192,175.40035034577892
haut,176.56989262778123,173.70143355096957,171.43233294232192,176.44446966602106
haut,178.0355840867844,174.61622193669473,170.8182819106809,177.41226058317983
haut,179.08772843048575,175.54282372549486,170.24798223974875,177.80934782891893
haut,178.77865594399242,175.04040043789536,170.7681720034492,177.62315593105617
haut,179.27728176596617,176.36906136340605,169.84024504331836,177.75273784274768
haut,178.86074809620948,175.8575747364091,169.30958652223882,179.1580525917099
haut,179.59867353471515,176.2003390976298,169.17343530669024,178.1024370383082
haut,179.26730053094263,175.64719202289874,170.0309086998277,177.7124056887694
haut,179.40164919335848,176.49240133883163,169.88096171364083,177.37325297507252
haut,179.41241373565532,176.24553834751248,169.3422154536487,177.38575341305884
haut,179.13688094383767,176.1354095868036,169.6210545612031,177.3212808407702
haut,178.6165300310998,176.41261766672318,169.3139768573596,177.7129571986454
haut,179.2763513540174,176.39641905693807,169.08787615699498,177.12339400952587
haut,178.58138123941714,175.98413630319516,169.3778356897625,176.6705134409763
haut,178.84867941891346,176.18974360107757,169.32943903533976,176.9199217202309
haut,179.22234502175425,176.3082104542699,169.19845543530877,178.08190095612488
haut,179.49714803284837,176.27082749880654,169.67809698831937,177.6164732619031
haut,179.40793644680457,176.58344173678796,169.0621016219514,178.1883680195847
haut,178.49878532556914,175.85814833824762,169.31288626270128,177.75231909357376
haut,177.9935937140009,175.3627112071187,170.01574100643467,176.51213593715596
haut,177.78411747750897,174.9048830188072,170.05933767039588,176.25080575197535
haut,177.88517867102914,174.19924562770333,170.6711251330289,177.3646934715848
haut,177.2826245175388,173.5323963953271,171.08974192143785,177.17605156558983
haut,175.1205247058978,171.62881018636457,172.38413745935856,176.90923554107238
milieu,170.67996015894497,167.95467636424047,174.20512339906637,174.84666863109757
milieu,168.51901868180576,166.68080123990245,175.48647598943444,171.83793741073757
milieu,164.33755613414337,163.82601875404566,176.19158787541411,170.32927377064357
milieu,161.60773918291122,161.89160401693516,177.3585030993327,170.26024247373766
milieu,161.79797619201364,161.00662987753603,179.20732861140704,168.506231736254
milieu,162.9700081965966,160.17795221052472,179.70091743782254,171.3966004409434
milieu,160.36269493538708,158.42529988564115,179.00594744389002,171.59686872951656
milieu,156.9388115987413,156.36873423904035,178.1374069429796,168.35966696726615
milieu,154.0553178998893,153.8810226444631,177.64015945351434,168.83648779537532
milieu,148.96301793145128,149.72497671759814,176.47907925169622,168.99978534256292
milieu,146.4063234550643,146.99326753381226,177.017322128426,169.85616031825202
milieu,146.38602603552775,146.44960322294935,176.51678704845148,168.4545444193395
milieu,146.05269153706342,145.49966211396577,174.50779271143827,167.10980974975885
milieu,142.87111089089646,144.0745010613339,175.1231998472324,168.76985899439904
milieu,142.94815316981618,143.324222876098,176.5788826910768,170.12016316938588
milieu,139.06211306406576,140.38909463323313,176.02489063616798,168.28742005389796
milieu,140.8066410396391,141.9282069038721,176.98133614167728,170.1746240395199
milieu,138.2851183044038,138.98406057583603,175.28138258880213,167.8012079665745
milieu,137.207153985146,138.3171210769837,176.30844963244166,170.89894774690302
milieu,136.67899749810329,138.09585520597147,178.25422313586571,172.69028259733986
milieu,134.7876099773754,136.59098749767065,177.6313429123133,171.08862966299282
milieu,132.85851026012512,133.214713268554,179.4398549582696,173.1282635777432
milieu,138.59296023223226,135.2217242566079,175.646082578371,169.8657364047976
milieu,130.72507815872837,129.56991452552472,179.40122057577454,172.92517330799026
bas,132.49449775598637,131.26567170981915,177.57006450090032,172.27475851013145
bas,130.29401162670533,130.2417184216376,178.56529847760598,176.30171202449668
bas,130.7441716584161,129.19091906637493,179.2729962038288,175.28130673563234
bas,127.98295293221824,124.70538623106359,174.5593831712918,171.66567999767085
bas,126.0998417548867,124.38918019826669,173.08396449896654,171.12482238687866
bas,127.5281772843295,124.94979018660243,176.75612808317382,173.4372246354074
bas,127.30472111749286,127.52704465129813,178.97494109221438,176.16318445814485
bas,126.5924007945557,125.79317656188303,177.57424572235496,176.87524655444366
bas,118.38488204481341,117.31079376864909,178.75642475041744,175.13853366566508
bas,124.25835707757355,123.00342915783558,174.37095641736943,179.14154421575296
bas,130.3507794755256,131.51166709377466,173.46283209699195,179.2934343818932
bas,122.30453870059259,123.13445628021898,175.487842946816,179.19903396249276
bas,113.35393683835704,113.37354159461894,177.89779916136922,174.47655603162394
bas,114.17752910003644,113.52957810475996,179.17308879712235,174.60633371406718
bas,113.9827725738398,113.17155748541234,172.35052344590568,178.9364532011412
bas,116.02863783576142,116.21075676894613,176.1085189772882,179.026787445591
bas,119.00357760230189,118.98843124627082,178.78218702553482,177.28036815998612
bas,122.0191655894853,121.47242469487786,177.7784769149006,177.7785128382659
bas,126.80222588481458,125.29947900940267,177.8347075834545,174.99945937936647
bas,124.78650523291641,122.59108868300191,175.0836444979063,173.6441737010892
bas,125.46994725530689,124.51166672309286,175.6177762910857,173.7399572825032
bas,128.90035199633573,129.00609575400782,178.66502134676492,178.6725262565142
milieu,128.766189893889,128.70570418975313,178.85554472750948,177.49229709285558
milieu,132.36917913027347,132.50453225720105,177.84190957300007,178.25036977117574
milieu,134.65861635231286,134.2506590302666,178.64569744150663,176.83535973343515
milieu,136.45158859630283,134.64687793905847,177.00547510955886,176.6496260248818
milieu,138.19326509183608,137.4521964829915,174.6829970896814,173.16829465931943
milieu,140.05188261286165,139.5807335695646,176.03637343734104,174.1039155162617
milieu,142.300842492247,141.3227796980303,176.71556506909494,174.7235271259831
milieu,144.79698090843817,144.57964339622268,177.05537831680545,173.38841484412754
milieu,147.52116322825378,146.79339886644632,177.37798256539403,173.4721800652687
milieu,149.0044540049778,149.67545482070003,176.90942648985597,171.4298348039337
milieu,152.82148624007564,151.2141208119709,177.34490603754674,173.03450396776725
milieu,154.41478836609673,152.89735141808754,177.96553902630637,172.58559054910134
milieu,157.65966355200834,155.46831327602436,179.32306512572757,174.91774690914835
haut,161.2446143145228,158.59268831263526,178.88838907175318,174.65225130084468
haut,159.537487686818,159.44602948495663,177.86512214304383,176.5425237306683
haut,162.1407817491998,160.60317154987646,177.52922702165017,176.52286428460323
haut,164.87111718591012,163.5209403307901,175.2127435346157,178.29403856759535
haut,167.6264953076826,165.79405665557655,174.12379265019808,179.004680322667
haut,168.4998817563495,166.94044540801497,174.5389388106158,177.45587359311196
haut,170.83631106178785,168.39963737583503,173.4876566211385,178.17346899802666
haut,171.68454485417527,168.8772813733987,173.75449227534975,177.75880882263445
haut,174.1030599313126,170.42707312606933,173.0199271111529,178.7167891255539
haut,174.83612480062126,171.3398768036582,171.47632780537373,179.60509302834424
haut,175.82399719410165,171.8081331146973,171.73982923137055,178.68592139857668
haut,177.26701942432533,173.06184707778448,170.73682050397233,179.32711401704486
haut,178.00106178431307,173.56037601743841,170.85657909728107,178.80103528955428
haut,179.63197500546994,174.74524255022425,170.20862567976235,179.26213616235816
haut,179.33634057391728,178.85977961716816,168.88793271758533,177.17527278204724
haut,179.1749682942575,178.43273467268074,169.3792948908769,177.90791886731623
haut,179.45675340313193,178.63753451151402,169.04625641483022,177.3702429077126
haut,179.19678485517974,178.14839171051378,169.69256787229148,178.39441712550672
haut,179.23745762607098,177.695697828829,171.27582170349854,179.19455305230431
haut,179.08893025711063,176.41106110462576,171.54755392690902,178.7154031469488
haut,179.473017479725,177.50795804060036,170.7306433033532,178.39353404937296
haut,179.59653770101843,177.6938873384255,170.68553468721947,178.1566146434145
haut,179.4007902972112,176.9433377032569,170.9825348346568,178.03584310869445
haut,179.59426269020025,175.28456393084963,172.5365292929521,178.31211702608496
haut,178.7696661780468,176.48680419392696,172.29416484595478,178.2307598019204
haut,176.86364612217108,172.43675134049047,173.81107089930762,179.18072232509803
haut,176.55560993941702,171.59526366646347,174.20350448328705,179.57202663361727
haut,176.50230195430933,171.2388440377195,174.778024365609,179.62303611402052
haut,175.7835909872536,169.19018996034086,176.7880803489399,179.22550514261889
haut,175.4008456701853,167.04716674658,179.17935721379925,179.05172258384525
haut,175.2868944246262,165.33096543893743,179.06967328585287,178.64118642184695
milieu,173.1868822145904,160.48091917743713,178.32341534779903,178.07151210366118
milieu,170.79632974263714,157.84051388528334,175.93400620039026,177.37336948068042
milieu,169.8231254095257,155.66324025135367,172.53228711207666,176.74084013758502
milieu,167.3023914271275,152.66213791980786,169.68323980239367,175.48349186696407
milieu,162.87830707643442,148.3289157644418,167.70592727462585,174.6581771501397
milieu,160.95181614652518,145.31780635854656,166.8258869720244,174.26739343039222
milieu,158.9523924568504,143.6013539614732,165.0856614803853,173.85579897612362
milieu,156.37148113500157,139.56417824672266,163.85018942826,173.02870130285518
milieu,153.68184042705357,136.83672106655672,162.43482509797974,171.79265185401212
milieu,150.55597806575022,133.04540442713818,159.40547063567035,167.4915674412932
milieu,148.84868193577694,131.9489322022183,160.4727095311147,169.9241695591733
milieu,145.78263774964503,129.36065467490062,157.61888525650008,167.2944513489369
milieu,141.5898919331007,122.61907993529127,154.3875909824456,164.87810075378945
milieu,138.0264343852206,119.42617387114895,150.55335772017156,161.37927765617493
milieu,134.29162642176792,115.18659886066506,147.3298698857311,159.22170697181178
milieu,130.36500162470412,110.5320837008639,141.38135400962955,153.5625666484392
milieu,125.64549644789855,106.2863065883899,135.35879339582286,149.4262239539353
milieu,124.22739444116391,106.04601451915543,146.27169224054512,156.67748594186912
milieu,123.45005384673634,104.87473520307299,146.80649843726687,156.86527549375376
bas,120.58844129663925,103.96241265647467,151.66132696669277,159.9009565274617
bas,121.9517206983299,105.91793972307391,154.80084252625625,162.57353200691713
bas,126.41269006463396,111.37181131629383,166.47062080725408,173.74778741509172
bas,124.61632800561591,109.17522625823834,165.56091735793416,172.304247099294
bas,123.84112140222642,107.00247936088242,142.94033403710065,154.4408131680391
milieu,129.28819562982108,112.16016213707938,142.33862027491693,153.76137202932375
milieu,129.9949588779684,112.11049392583121,144.4226622240908,154.36266912224863
milieu,136.8449134286071,120.24077988274118,151.34199509347204,160.2120130210523
milieu,141.75372452863766,126.45595323519365,159.34209787996318,164.81182692843333
milieu,142.0634418203723,128.31969141409814,159.55684488632727,164.13457329094965
milieu,145.70807096670654,133.13042816627615,161.63394305061163,165.95762277853282
milieu,149.66082847529194,136.89611819832055,162.8425494141638,166.84721577276906
milieu,153.70385971327613,140.17282033206106,163.72175059458266,167.35928588529436
milieu,153.76732594978515,143.23023666229372,166.4438258002378,169.12233560311563
milieu,158.74435515095527,146.6134212581248,168.8120782294421,170.9021320611514
milieu,161.86589150834033,150.76132440612403,173.20049635499194,174.13961060432732
milieu,165.03311411895478,154.64789794087116,175.22591060107302,175.87033609683843
milieu,168.2943863298833,158.22100978601415,176.8432947786147,176.6114236460364
milieu,168.81278617151932,160.21411465576188,178.53273837729807,177.4494495082303
milieu,170.49660273382614,162.38939849746893,178.87886997226394,179.08822220518778
haut,173.55747034481837,168.17776912636762,175.4249870321867,178.40023923943812
haut,175.17314324948242,170.72679431993822,173.96223998984323,177.7226956553105
haut,177.3020810109162,172.8718302685284,173.50672974003734,177.23591734907717
haut,177.83023280976823,174.12899722999504,171.6962882401202,176.54395234487018
haut,179.42878288291504,176.15663983044004,169.6780859940122,175.3005322800682
haut,179.21534270226027,177.84609869396087,169.1944184777108,175.78912338702492
haut,178.29184894265777,178.32878999159936,168.5924384904843,175.14547379306202
haut,178.83083324767398,178.04661385452258,169.2767675116265,176.5093372786208
haut,179.2070518478522,178.0978094654979,169.0018894766171,176.59457843508434
haut,179.38401435864841,178.33229260880188,168.48874163303338,175.90223064012284
haut,178.9450789015681,178.33525300031587,169.5141135100127,176.97913996599996
haut,177.69314096044394,179.52187752897694,169.46654664495193,177.40329798511885
haut,177.8806875783681,179.64134918554512,169.14264929936425,177.11280548004584
haut,177.02716984756572,179.19721296509903,168.7895979808493,177.21164467633065
haut,179.24128765082722,177.99433040828163,170.2372852212664,177.20187548807255
haut,179.5618157271931,176.89523491359378,170.7735778700512,177.27599957563515
haut,178.58041720447324,174.24113925193873,172.20774308572157,178.2593136869209
haut,176.32025696730332,172.14395626195378,172.70144073731694,179.09355035237832
milieu,175.39242521466912,170.85093019145665,173.9856409673135,179.60097307683114
milieu,175.08275171797374,169.13544987546948,176.07038414724911,178.77894953866422
milieu,174.60761180488743,168.180213059652,177.08084357557817,179.4250578495687
milieu,175.20076614721836,165.6057401198171,178.99592037086336,178.57602973362
milieu,172.43529998511423,161.37644486640806,178.4861458189559,178.43434683442382
milieu,171.037426421435,158.84957330713235,176.84984346321426,178.0283995752522
milieu,169.6566732847482,155.90129557787662,174.45545573183114,177.03831954351557
milieu,169.57976520976197,154.532493862406,173.3193444374228,177.6345368741984
milieu,169.19067821082717,152.1979664695011,170.93183462265642,176.39406936493353
milieu,166.98821617725827,148.92905080045142,168.45340572673308,176.07593788707203
milieu,165.1550448022576,145.26836423922782,166.72923108581472,175.7544158415408
milieu,162.31435635202902,141.76399258336056,165.5428818348291,174.99827260038703
milieu,158.2097484236281,138.13346785327653,163.19261524928896,173.09119789930145
milieu,154.87948721972967,135.0806817168374,159.65225941393467,169.28767824377732
milieu,151.66910265522318,132.85048539823796,158.93495051164328,169.011127564438
milieu,151.00018826109653,132.69661648817686,161.1901545631263,170.70552563294024
milieu,143.63271044965327,125.59983561820809,159.3731897125939,168.86343288773506
milieu,143.46322015392363,124.46969625802672,156.21106548470402,166.91630975248282
milieu,136.38021253287062,116.38400205164466,151.76671931965774,163.02766977980173
milieu,134.476656007437,114.01992217421726,148.71257800119253,159.34725402588526
milieu,127.06077645917968,105.63782815191547,141.7044708788482,153.67783920810695
milieu,122.7713772704907,101.02420968494731,136.24974311710162,148.62427875379086
bas,119.5046556189613,98.52366639658692,133.6595094455598,146.56483630093402
bas,112.83467868834896,91.76467158506125,128.58078385664157,142.42857864185564
bas,109.9745729513704,89.77643079081919,129.0494825816634,142.52127717607172
bas,107.04097208529534,88.75399377345606,142.06958131868737,152.93984374286353
bas,110.55675230102123,93.22727978217654,146.39440046641027,155.27617501502183
bas,112.89453009087046,95.5103698932864,158.4778584972358,167.70609582614395
bas,111.10134303082911,93.23928038267819,149.08332293794015,160.17778883040148
bas,113.83215979593355,94.17479329219117,138.8421651927337,151.28143121444575
bas,114.20627152716317,89.66820150863668,126.71995371225432,143.24875955852016
milieu,122.27049665413598,97.96140966991702,131.51660798460713,146.1940056044646
milieu,126.55275949770102,104.95757983593452,139.53358631801007,151.86752297581447
milieu,137.29189789735508,116.96202619953196,147.90725192915815,158.71025813090944
milieu,142.5637085154163,123.2716693885646,150.38757396755966,160.13560368047794
milieu,148.49300043400953,130.12591608341958,158.0716964191454,165.7324635081287
milieu,149.78607435782382,133.21794844491302,157.19553161191973,164.4705964706139
milieu,153.4085545766873,136.78163836427782,158.8168744216837,164.70001581158064
milieu,158.22404055023236,144.01559996249955,165.00626937158447,169.32013561318948
milieu,158.6659245240191,144.69961255895362,166.8580326039778,169.48329048011115
milieu,161.14999964787103,148.28129364759397,168.31162324592253,169.78880448845754
milieu,164.38551126242837,151.9039715510415,172.74294948824235,173.91823778288992
milieu,167.86155932337843,155.81700967254463,174.89907231206666,176.0055572633965
milieu,169.91036899522544,160.51698484333187,177.6541334635312,176.32053895926774
milieu,170.49886935361906,162.02831489597727,179.60674595328513,177.64647535235636
haut,173.87864036482082,174.56949751188532,173.64368047212838,173.20681637120938
haut,166.06198702618462,166.67586189330785,167.0554265958426,166.03135976238855
milieu,159.88854911658066,160.49526397667827,160.9129496508488,158.40520789540213
milieu,149.36787178150482,150.39387370047265,146.88502798469713,146.36823537584957
milieu,138.00367085348677,138.07514502679877,133.95893318277672,132.81806280824347
milieu,126.47103189779858,124.63492421620361,118.28301048685128,121.32371584825228
milieu,113.11069931913471,111.2050429205619,103.59642863492519,103.7786725915496
bas,90.39017618349894,87.38094907015139,82.83702296302894,86.15713641283975
bas,75.17254628432673,70.89360629614237,67.97976201734107,70.58429541726854
bas,58.900459855213796,58.721484945123386,53.09005526714011,55.17003131918498
bas,40.63232251027774,48.51179065461239,46.51250872113992,45.23161215077344
bas,40.65919105558233,48.24728729319982,46.05701339742444,44.254446375635254
bas,41.701719746475376,49.946658065540284,47.22281401360051,46.09019156079066
bas,62.574648392938535,63.4679408907972,56.28079186852251,58.71152701058099
bas,79.66837150932777,80.63436831038985,76.67758978443544,76.332600176501
bas,107.14221318220471,105.68961060588916,99.54251395510764,99.1363853200936
milieu,123.22298517029226,122.75961935372945,118.3265910742086,118.11530258727232
milieu,138.74596283929642,139.93418700300606,135.9825662353116,134.73796068152444
milieu,151.69840806157114,155.27481197414346,151.71764734961985,150.00966508768258
milieu,164.60953600740848,165.54342488021467,166.5918025283456,164.28799542971942
haut,174.6487615380081,172.92326275139314,172.15747805869222,172.98874684540183
haut,177.37361802986175,175.3244406684286,175.36669350537096,177.09026907588643
haut,178.53594811113504,178.4739972941633,178.66783627527752,178.56387252478856
haut,177.6251732399769,178.22121915305513,179.117564897116,178.04774708740243
haut,178.2267976309854,178.60932386912702,179.25981227537883,178.36982543886643
haut,177.1945572116422,178.96705343788545,178.7807102125031,177.4532595164315
haut,178.2118509118322,179.0416513593413,178.9882284811466,178.03119205732222
haut,176.44713334419723,178.75335853743388,178.1836237652728,176.11838945225006
haut,173.94814945079352,174.67739319994962,175.51310624662818,174.0603676971583
milieu,169.46703866059406,169.9434502432046,169.95675085752805,168.69550745292383
milieu,160.40387026439126,163.0157088977476,163.55833381740422,159.45075602811568
milieu,149.7840865967071,153.986896655669,150.6216770057978,148.32720483313324
milieu,139.28011072337029,141.69030441830057,137.45718180628174,135.6379043025173
milieu,126.60539363293832,124.99544601982763,122.81532464840836,122.84764885866096
milieu,113.19447016355471,113.12639244619008,108.05632545581136,106.08158516693517
bas,94.28457279053252,93.06025489423999,88.4818049297438,89.94344074550663
bas,75.78035758099026,74.96078379214661,70.24550263417953,71.0523993828899
bas,63.57480963303689,62.2738098189607,56.09033231128475,58.76006201544928
bas,51.89335940566359,50.435408122010564,49.613817221841416,51.656101387176385
bas,44.437554117330755,42.97640460087256,42.252264283848326,42.86687525090508
bas,47.550005447663445,44.938527141597945,43.50674116682203,45.63927594660948
bas,56.99276748893528,53.57055790077813,51.11585119324307,53.958711507290936
bas,69.9885249616668,66.60318300020812,59.701866542387194,64.41178849527871
bas,90.58274732750554,88.52412503746918,83.26018569447815,87.00104052664017
milieu,114.87668690211055,111.99958596675154,104.99518475248944,106.59579342765917
milieu,127.33521398358661,127.10306754534983,125.20567932629793,124.51615597515871
milieu,144.67943180004494,144.7890376673985,141.18295796363606,141.07683002596113
milieu,157.23402539513415,158.1261203539286,155.13734730585918,153.8056299147816
milieu,164.4867002098304,166.49180669020672,166.59738066957053,164.37398483302883
haut,172.84673502391752,172.79762736079746,171.59789152959718,171.62950588543276
haut,174.4426062022477,174.89803496727086,175.64389764800293,174.57550118449208
haut,173.93522532840078,176.22340052065505,176.91486324176742,173.58852552229646
haut,174.41270821879593,176.7092460307864,177.3350225941032,174.34452671483092
haut,174.5570954996635,177.04017724003842,177.33613321255052,173.3121396721265
haut,173.350562552714,177.0883069802665,176.53748529748412,173.03291819761603
haut,173.7560445538884,176.92148133365245,176.68362797460483,173.008548686801
haut,173.56933709106335,176.0229291046506,175.65271055642003,172.6019718156699
haut,172.65325692588922,174.41645746634126,173.01566044609046,170.81034202611912
haut,168.56001220814917,169.00954628248246,168.3337827706234,166.35173934713586
haut,159.42492676653677,162.19391678852003,162.07419358440083,158.64073359448196
milieu,149.63867309838642,153.86957411829314,151.37187527481382,148.61719836151727
milieu,142.1639981433904,143.65803422591156,140.36130807732454,138.5010176046966
milieu,129.69780228026843,130.97931363554997,128.0102000322848,126.24298242956257
milieu,117.09920026243546,118.8686757834909,113.91718818419248,111.33224630228416
bas,101.73183793487702,103.37236273712521,97.88565767338821,93.73069546429838
bas,81.59945352777885,85.4837519905463,79.70574573802048,77.70264100557542
bas,68.81238541897017,70.1020626833441,65.5249636704751,65.462306387589
bas,52.83375143020375,56.61035136342145,49.97842239112899,51.641202238604706
bas,43.67717703631616,47.12174929957961,44.0652391527028,43.65315011373099
bas,37.5013877629535,44.24013605157141,41.24471536152853,40.79799011139989
bas,46.90326023227871,47.14852275353347,43.69420376387644,45.40028077070543
bas,61.79336881235912,59.417991328011446,51.43652874463008,55.477046368848384
bas,81.22941453043181,79.07191385555213,69.04348397271613,71.66148523045356
bas,103.79910846586418,100.25082684574845,94.7397010676942,98.67471482917944
milieu,121.06811689709573,119.18417096427639,114.61502478169871,117.3468900480864
milieu,136.95712770568383,136.41104745136107,133.37427926725377,132.6681776602672
milieu,149.29152679460137,149.72438258016973,146.81507303505833,146.40945564273022
milieu,162.02116535820545,162.23155661876257,161.07798390911768,158.64299830238943
haut,168.96424216117603,169.71802317834027,169.1558124862595,168.52188321042937
haut,174.3553576928945,173.7726184071888,171.7733352661786,172.35674893431437
haut,174.88296063526107,176.03069596957855,174.2577570037575,175.06229743107235
haut,175.58608531229802,177.687379837921,178.31770114710483,175.8370307372529
haut,176.14701304520582,178.40659333897386,178.88093328824726,175.4261929693308
haut,174.6931545898119,178.1260923318481,177.39405574192986,174.75994353916184
haut,174.14485504058283,177.5664205020896,176.59872282122564,173.85911564126062
haut,173.43192524209869,178.20822377171015,177.18784009928848,173.7445576353427
haut,174.07491222511678,178.7120868901333,177.33630432332228,174.0164286092711
haut,172.67301897358365,177.63844909719947,176.74863400236242,172.10950542644733
haut,172.06199050436945,175.6157455784037,174.69058710583448,170.45656190023814
haut,170.6065552434072,172.04039272733212,172.00625633016216,168.50628624016483
haut,166.59682170999284,168.27781233195202,166.74145731374085,164.468022069144
milieu,159.1345890558383,161.63750998996704,160.60799279476126,158.2422766990866
milieu,149.94197969842463,152.79030622930335,150.0678344633051,148.8895387762883
milieu,140.26901125950255,140.32488587842772,136.20396001459758,135.46301560325637
milieu,128.57050958950464,127.52552903898093,122.84339267606195,123.92396489354455
milieu,116.67733546380278,114.84685878137631,108.25034548795128,109.57264665314874
bas,97.1860568748152,96.8630592129855,91.3441154215796,90.57741114982076
bas,77.61442601333678,78.22950728264256,71.96277929702765,73.78716537454477
bas,62.99893737015842,65.54196787128143,62.46517527956894,62.54882907923442
bas,50.232453563505445,55.06887549366748,52.09100560405357,51.97958673868504
bas,47.20971270468402,53.178666427641126,49.25515056153761,48.513911264492414
bas,58.21071127742576,59.15908276851187,55.83051218361678,57.11407761386526
bas,70.18987301533127,71.88153363874238,68.89493993688944,69.7751859266102
bas,92.56646717037553,91.69191807715136,85.0373272873631,85.71236947136343
milieu,114.21753364981221,113.66960226982086,108.10265725814767,107.46514279863202
milieu,129.42733078349298,129.31714815456826,127.12508502663795,126.05327135491164
milieu,141.23588975551965,144.7824297078799,141.68644242116451,140.5313663767128
milieu,155.22206764537174,157.6453468514235,155.72705045952253,153.01430065863465
milieu,166.15387394610735,167.6169177366606,165.55188309997078,164.54432660247454
haut,173.09777283299374,172.14125365997444,172.826191562493,172.6047819606011
haut,176.2295394839479,174.1440360179962,174.10736992295395,175.32526368166154
haut,177.60958020425045,177.5621974071654,177.6479478913564,177.54326505766022
haut,177.40646364807571,178.72224881080962,178.76574651963878,178.00846674979886
haut,177.1243194662244,178.83936779192183,178.66574629871252,177.53500512577173
haut,175.56333950863072,178.58109045673376,178.4027257864353,176.38053604409734
haut,175.94972552491936,178.51135527448955,177.40725155276084,175.24458086281
haut,174.92368025585984,178.32343774981027,176.4412443829912,174.5764437373667
haut,174.3600816673591,176.22737147070046,175.734735979948,173.3113821527142
haut,172.5040340884664,173.8517025958875,172.1607134065153,170.12768563387948
milieu,166.35120972441453,166.69601834930685,165.85534104274728,164.60804208535262
milieu,159.29583904840732,159.95453840964473,160.55854068802495,158.8327094728936
milieu,149.69408280741996,151.57093473196483,149.7374454579238,149.48995594113998
milieu,140.36349059830965,140.3564743838558,137.0114052395203,136.2327726180094
milieu,127.59980664135004,127.35701505213692,123.25395016488653,123.51868800475246
milieu,116.43431941763598,115.64056730452155,111.45288466360411,111.99298063179242
bas,101.68522220374534,99.97635469149746,94.69723526508821,96.57586290240742
bas,82.0317241052464,82.37727519835806,76.68993366833216,77.9266055239303
bas,68.76850968349062,66.65929504173764,61.59692789794491,64.53776063227369
bas,52.165499861585445,55.0533265810839,50.05282724417815,51.73947874373724
bas,41.8412476752301,46.70716890970073,45.54543399926317,44.694505370356886
bas,43.337142598297646,46.83891319898215,44.772241747566575,45.048445145893616
bas,57.15565230681237,57.19689689897632,51.74376377092649,55.302182693062804
bas,72.98625528592056,70.40360071246894,65.03052770878966,67.87865107810687
bas,97.63985437887706,95.95614329427465,90.12741560036969,92.88895295811669
milieu,119.20978535112135,117.48138104073251,110.46447223840143,112.43987527023732
milieu,135.99988004381927,133.7425171768759,131.23087535631836,132.59793548502236
milieu,149.93668750466426,149.9753980660632,145.80485098105282,146.74831504433462
milieu,162.24548543691358,160.62657593653947,160.7500082544572,160.85510094093792
milieu,169.3036999037425,167.67207972246277,167.05257516663076,169.83628141780184
haut,175.2319909975228,172.91455107375612,170.27132108001146,174.68999922296092
haut,176.63181701373244,175.0693345471536,173.9083311560559,176.52794462783092
haut,176.63481760843214,175.92162938966783,175.8387003637645,178.37308953413273
haut,176.50385571373909,176.30458168088717,175.92735793293343,177.67575802718005
haut,176.28186489559977,176.3413152822697,175.23311625873532,176.6665274752782
haut,175.72782172317807,176.59743556426383,175.13686631433794,176.25408089894097
haut,175.86947564379577,177.28797825171617,175.74577113637088,175.91375693199598
haut,175.64644924702816,176.00286000474955,175.509560327626,175.06123753039418
haut,173.18163842899267,173.43685546438442,172.2610560581924,171.53586812582193
milieu,165.83611167324548,166.2036814585603,166.11565401839692,165.56909141051878
milieu,157.4879205873173,158.11898595587164,156.24934258917062,155.4524490698329
milieu,146.2672591258609,147.61371448367564,143.04243197804644,143.11334978875863
milieu,134.96464881190312,135.09438318471607,131.42260348262093,131.29845237622612
milieu,121.38401418671009,119.28044270578353,115.59093365325317,115.66621361620753
bas,110.81481246623999,109.6923917453806,103.95336526967776,102.62738334498331
bas,89.63840111516801,89.2260073889985,85.45613137941885,84.23352599019371
bas,73.54029067003628,73.67660449316297,72.7527842940496,72.2397792596516
bas,61.36707624196351,64.00361975043842,58.94299739952564,58.05582501106911
bas,54.268753143622476,56.938971244760985,55.7077845787273,54.49890377815638
bas,64.63605662326117,70.9163309684325,65.71296605734884,62.35151207788092
bas,77.02432550965972,78.19096116887252,77.85672145258515,75.24655951919272
bas,99.48129894956767,100.78507129682399,94.39625981229288,92.65055775013933
bas,116.40209646133137,116.28585169858921,114.38446908847061,112.59101920384799
milieu,132.79673007169814,131.61349666057833,129.34212435934293,129.5086804258265
milieu,146.60574455933738,146.70007510229604,142.84138736957365,143.30054750733632
milieu,158.1335106494759,158.80918337801995,156.95032856848542,156.28681725367923
milieu,168.36790756389172,167.37794650564604,169.02069745048288,168.01268706470762
haut,174.41456813077454,173.03052968494274,172.24930552248344,172.43537588378874
haut,176.1900376796045,175.66713282558905,175.59538879380872,175.56451793319422
haut,177.33370256133446,178.66364835072176,178.96148078048446,176.83081566933714
